6t0cd7,10/08/2017 23:23:56
6swwxj,10/08/2017 23:34:11
6t0lhb,10/08/2017 23:39:43
6t19f3,11/08/2017 01:41:38
6st6yc,11/08/2017 02:06:46
6swnbm,11/08/2017 02:32:07
6t2gu9,11/08/2017 03:08:02
6synjg,11/08/2017 03:08:24
6syhla,11/08/2017 03:33:40
6t1jbh,11/08/2017 03:51:38
6sxyx0,11/08/2017 04:02:13
6t120a,11/08/2017 04:12:39
6t1vte,11/08/2017 04:23:15
6szs5p,11/08/2017 04:35:40
6t32fq,11/08/2017 04:46:00
6ssb8x,11/08/2017 04:46:01
6stfvg,11/08/2017 04:56:09
6t3c6y,11/08/2017 05:06:51
6t1kc6,11/08/2017 05:17:01
6sug7k,11/08/2017 05:27:12
6synts,11/08/2017 05:27:13
6t2h3i,11/08/2017 05:37:43
6swz43,11/08/2017 05:37:47
6t4jiy,11/08/2017 05:58:25
6sz30s,11/08/2017 06:25:02
6sum1o,11/08/2017 06:35:12
6srcjt,11/08/2017 06:45:19
6sq0i1,11/08/2017 06:55:38
6sp5wx,11/08/2017 07:05:47
6sh4cl,11/08/2017 07:15:57
6sdtfs,11/08/2017 07:26:12
6sdepl,11/08/2017 07:26:13
6s3xnk,11/08/2017 07:29:11
6ry4w6,11/08/2017 07:29:11
6t4dwm,11/08/2017 07:30:32
6s3ij1,11/08/2017 07:32:20
6rznzu,11/08/2017 07:42:26
6ruilq,11/08/2017 07:53:01
6rzan0,11/08/2017 07:53:02
6rrq37,11/08/2017 08:03:06
6sm1ke,11/08/2017 08:16:59
6s5ogx,11/08/2017 08:27:46
6rzxka,11/08/2017 08:38:11
6rvvvv,11/08/2017 08:48:31
6rnvni,11/08/2017 08:48:34
6t4p6l,11/08/2017 09:19:56
6syz3d,11/08/2017 09:30:22
6svy6h,11/08/2017 09:40:54
6stom7,11/08/2017 09:40:56
6sw93e,11/08/2017 09:51:21
6sodno,11/08/2017 10:01:39
6shuvp,11/08/2017 10:11:56
6sq408,11/08/2017 10:22:15
6scf1l,11/08/2017 10:33:03
6sknu6,11/08/2017 10:43:59
6t5w4r,11/08/2017 12:08:53
6t04to,11/08/2017 14:16:46
6t1jq9,11/08/2017 14:32:11
6t68y9,11/08/2017 14:47:23
6t1ar2,11/08/2017 15:02:29
6t6nau,11/08/2017 15:17:40
6sw14u,11/08/2017 15:32:49
6t76yb,12/08/2017 09:06:53
6t7as8,12/08/2017 09:21:57
6t8ki6,12/08/2017 09:37:07
6t74v4,12/08/2017 09:37:10
6t73ge,12/08/2017 09:52:50
6t7ec0,12/08/2017 10:13:59
6t3v9m,12/08/2017 10:14:11
6t1uw9,12/08/2017 10:14:45
6t7wjo,12/08/2017 10:20:03
6sr4eq,12/08/2017 10:52:15
6s4tg5,12/08/2017 11:08:53
6qexyr,12/08/2017 11:24:22
6pc8ee,12/08/2017 11:39:32
6p13nx,12/08/2017 11:54:37
6p0g2a,12/08/2017 12:09:48
6oxq0e,12/08/2017 12:24:56
6owb6m,12/08/2017 12:40:14
6o9o03,12/08/2017 12:55:21
6nk5z6,12/08/2017 13:10:26
6lcne2,12/08/2017 13:25:30
6kshmk,12/08/2017 13:40:41
6koqbd,12/08/2017 13:55:59
6kkku2,12/08/2017 14:10:00
6t96fk,12/08/2017 16:08:51
6szufc,12/08/2017 16:24:04
6t11de,12/08/2017 16:39:22
6sv0r5,12/08/2017 16:54:28
6snv5z,12/08/2017 17:09:34
6sqfme,12/08/2017 17:24:40
6sm4fb,12/08/2017 17:39:50
6slg61,12/08/2017 17:55:02
6sawgz,12/08/2017 18:10:28
6sc5rj,12/08/2017 18:26:11
6s5b1x,12/08/2017 18:41:24
6s7enx,12/08/2017 18:56:36
6t63v7,12/08/2017 19:11:21
6tajax,12/08/2017 19:26:32
6t9o28,12/08/2017 19:41:50
6t9xon,12/08/2017 19:46:30
6t7yuq,12/08/2017 22:37:28
6t86ze,12/08/2017 22:52:34
6i3d5b,12/08/2017 23:07:22
6tb5j5,12/08/2017 23:22:00
6tb3ra,12/08/2017 23:32:06
6tcrdz,12/08/2017 23:42:15
6t7teo,12/08/2017 23:52:18
6t9dkt,13/08/2017 00:02:23
6t96vm,13/08/2017 00:12:41
6tb6eo,13/08/2017 00:23:06
6tb62o,13/08/2017 00:33:11
6tb4io,13/08/2017 06:29:03
6t859h,13/08/2017 06:39:08
6t12hv,13/08/2017 06:49:11
6t4oyn,13/08/2017 06:59:17
6t2fwh,13/08/2017 07:09:53
6t6js9,13/08/2017 07:09:53
6syzgq,13/08/2017 07:14:25
6t1z5n,13/08/2017 12:57:00
6sz4fx,13/08/2017 13:07:05
6tgorp,13/08/2017 13:30:11
6tf1zz,13/08/2017 13:54:43
6tdr4u,13/08/2017 14:05:07
6td15k,13/08/2017 14:41:32
6tb33j,13/08/2017 14:51:40
6tfunf,13/08/2017 15:01:45
6tfwk2,13/08/2017 15:11:49
6tf1er,13/08/2017 15:12:01
6tctid,13/08/2017 15:22:16
6tbdpf,13/08/2017 15:32:48
6td7op,13/08/2017 15:42:52
6tb7o2,13/08/2017 15:53:09
6t9ape,13/08/2017 16:03:32
6tb4dq,13/08/2017 16:13:37
6thhkq,13/08/2017 16:33:44
6szr12,13/08/2017 17:07:40
6sm7q2,13/08/2017 17:17:45
6rzh7w,13/08/2017 17:27:55
6qhco7,13/08/2017 17:38:55
6rjxm0,13/08/2017 17:49:37
6racd2,13/08/2017 17:49:59
6qwi7f,13/08/2017 17:50:37
6qpihh,13/08/2017 18:01:15
6qmjym,13/08/2017 18:01:37
6qbojq,13/08/2017 18:01:44
6q3mk9,13/08/2017 18:01:47
6pwad0,13/08/2017 18:01:50
6pnwmy,13/08/2017 18:01:58
6paokr,13/08/2017 18:01:59
6rn3z2,13/08/2017 20:11:39
6qjwb5,13/08/2017 20:11:45
6p2nga,13/08/2017 20:11:49
6mmpbz,13/08/2017 20:23:09
6th3r5,13/08/2017 21:09:10
6ticax,13/08/2017 21:19:14
6tiurg,13/08/2017 21:38:26
6tc51h,13/08/2017 21:38:27
6t9kks,13/08/2017 21:41:23
6thh1u,13/08/2017 21:43:13
6tb95s,13/08/2017 21:53:56
6se6ex,13/08/2017 22:04:08
6sbplc,13/08/2017 22:14:14
6rq1hn,13/08/2017 22:24:24
6rq3pi,13/08/2017 22:34:46
6rnbmt,13/08/2017 22:44:59
6ri41g,13/08/2017 22:55:03
6r1qkg,13/08/2017 23:05:06
6qhbbg,14/08/2017 00:38:17
6q93m2,14/08/2017 00:48:20
6q36b8,14/08/2017 00:58:26
6pe7ql,14/08/2017 01:08:34
6p4xhi,14/08/2017 01:18:40
6tiaws,14/08/2017 11:04:44
69a3kt,14/08/2017 14:53:13
2pwkn1,14/08/2017 15:03:51
1vn5xb,14/08/2017 15:13:57
u6b6l,14/08/2017 15:24:10
6tkrgw,14/08/2017 19:13:40
6tpze9,14/08/2017 19:23:58
6tlfpx,14/08/2017 19:34:02
6tq43m,14/08/2017 19:44:09
6tpgvc,14/08/2017 19:54:15
6tndok,14/08/2017 20:04:28
6tq896,14/08/2017 20:14:34
6ti9pj,14/08/2017 20:24:39
6tn7px,14/08/2017 20:34:43
6tqi5s,14/08/2017 20:44:49
6tprzp,14/08/2017 20:55:06
6tpjs6,14/08/2017 21:05:19
6tlgp9,14/08/2017 22:25:32
6tl065,14/08/2017 22:35:52
6tkjmn,14/08/2017 22:46:04
6tkws2,14/08/2017 22:56:10
6tkz50,14/08/2017 23:06:14
6tkym5,14/08/2017 23:16:19
6ttqko,15/08/2017 10:38:11
6trzet,15/08/2017 10:48:20
